<?xml version="1.0" encoding="UTF-8"?>
<!DOCTYPE mapper PUBLIC "-//mybatis.org//DTD Mapper 3.0//EN" "http://mybatis.org/dtd/mybatis-3-mapper.dtd">
<mapper namespace="com.imooc.miaoshaproject.dao.ItemStockDOMapper">
  <resultMap id="BaseResultMap" type="com.imooc.miaoshaproject.dataobject.ItemStockDO">
    <!--
      WARNING - @mbg.generated
      This element is automatically generated by MyBatis Generator, do not modify.
      This element was generated on Sun Nov 18 20:07:33 CST 2018.
    -->
    <id column="id" jdbcType="INTEGER" property="id" />
    <result column="stock" jdbcType="INTEGER" property="stock" />
    <result column="item_id" jdbcType="INTEGER" property="itemId" />
  </resultMap>
  <sql id="Base_Column_List">
    <!--
      WARNING - @mbg.generated
      This element is automatically generated by MyBatis Generator, do not modify.
      This element was generated on Sun Nov 18 20:07:33 CST 2018.
    -->
    id, stock, item_id
  </sql>

  <select id="selectByItemId" parameterType="java.lang.Integer" resultMap="BaseResultMap">
    <!--
      WARNING - @mbg.generated
      This element is automatically generated by MyBatis Generator, do not modify.
      This element was generated on Sun Nov 18 20:07:33 CST 2018.
    -->
    select
    <include refid="Base_Column_List" />
    from item_stock
    where item_id = #{itemId,jdbcType=INTEGER}
  </select>

  <select id="selectByPrimaryKey" parameterType="java.lang.Integer" resultMap="BaseResultMap">
    <!--
      WARNING - @mbg.generated
      This element is automatically generated by MyBatis Generator, do not modify.
      This element was generated on Sun Nov 18 20:07:33 CST 2018.
    -->
    select 
    <include refid="Base_Column_List" />
    from item_stock
    where id = #{id,jdbcType=INTEGER}
  </select>
  <delete id="deleteByPrimaryKey" parameterType="java.lang.Integer">
    <!--
      WARNING - @mbg.generated
      This element is automatically generated by MyBatis Generator, do not modify.
      This element was generated on Sun Nov 18 20:07:33 CST 2018.
    -->
    delete from item_stock
    where id = #{id,jdbcType=INTEGER}
  </delete>
  <insert id="insert" parameterType="com.imooc.miaoshaproject.dataobject.ItemStockDO">
    <!--
      WARNING - @mbg.generated
      This element is automatically generated by MyBatis Generator, do not modify.
      This element was generated on Sun Nov 18 20:07:33 CST 2018.
    -->
    insert into item_stock (id, stock, item_id
      )
    values (#{id,jdbcType=INTEGER}, #{stock,jdbcType=INTEGER}, #{itemId,jdbcType=INTEGER}
      )
  </insert>
  <insert id="insertSelective" parameterType="com.imooc.miaoshaproject.dataobject.ItemStockDO">
    <!--
      WARNING - @mbg.generated
      This element is automatically generated by MyBatis Generator, do not modify.
      This element was generated on Sun Nov 18 20:07:33 CST 2018.
    -->
    insert into item_stock
    <trim prefix="(" suffix=")" suffixOverrides=",">
      <if test="id != null">
        id,
      </if>
      <if test="stock != null">
        stock,
      </if>
      <if test="itemId != null">
        item_id,
      </if>
    </trim>
    <trim prefix="values (" suffix=")" suffixOverrides=",">
      <if test="id != null">
        #{id,jdbcType=INTEGER},
      </if>
      <if test="stock != null">
        #{stock,jdbcType=INTEGER},
      </if>
      <if test="itemId != null">
        #{itemId,jdbcType=INTEGER},
      </if>
    </trim>
  </insert>
  <update id="updateByPrimaryKeySelective" parameterType="com.imooc.miaoshaproject.dataobject.ItemStockDO">
    <!--
      WARNING - @mbg.generated
      This element is automatically generated by MyBatis Generator, do not modify.
      This element was generated on Sun Nov 18 20:07:33 CST 2018.
    -->
    update item_stock
    <set>
      <if test="stock != null">
        stock = #{stock,jdbcType=INTEGER},
      </if>
      <if test="itemId != null">
        item_id = #{itemId,jdbcType=INTEGER},
      </if>
    </set>
    where id = #{id,jdbcType=INTEGER}
  </update>
  <update id="updateByPrimaryKey" parameterType="com.imooc.miaoshaproject.dataobject.ItemStockDO">
    <!--
      WARNING - @mbg.generated
      This element is automatically generated by MyBatis Generator, do not modify.
      This element was generated on Sun Nov 18 20:07:33 CST 2018.
    -->
    update item_stock
    set stock = #{stock,jdbcType=INTEGER},
      item_id = #{itemId,jdbcType=INTEGER}
    where id = #{id,jdbcType=INTEGER}
  </update>


  <update id="decreaseStock">
    update item_stock
    set stock = stock - #{amount}
    where item_id = #{itemId} and stock >= #{amount}
  </update>
</mapper>