<?xml version="1.0" encoding="UTF-8"?>
<!DOCTYPE mapper PUBLIC "-//mybatis.org//DTD Mapper 3.0//EN" "http://mybatis.org/dtd/mybatis-3-mapper.dtd">
<mapper namespace="com.imooc.miaoshaproject.dao.StockLogDOMapper">
  <resultMap id="BaseResultMap" type="com.imooc.miaoshaproject.dataobject.StockLogDO">
    <!--
      WARNING - @mbg.generated
      This element is automatically generated by MyBatis Generator, do not modify.
      This element was generated on Mon Feb 25 23:42:11 CST 2019.
    -->
    <id column="stock_log_id" jdbcType="VARCHAR" property="stockLogId" />
    <result column="item_id" jdbcType="INTEGER" property="itemId" />
    <result column="amount" jdbcType="INTEGER" property="amount" />
    <result column="status" jdbcType="INTEGER" property="status" />
  </resultMap>
  <sql id="Base_Column_List">
    <!--
      WARNING - @mbg.generated
      This element is automatically generated by MyBatis Generator, do not modify.
      This element was generated on Mon Feb 25 23:42:11 CST 2019.
    -->
    stock_log_id, item_id, amount, status
  </sql>
  <select id="selectByPrimaryKey" parameterType="java.lang.String" resultMap="BaseResultMap">
    <!--
      WARNING - @mbg.generated
      This element is automatically generated by MyBatis Generator, do not modify.
      This element was generated on Mon Feb 25 23:42:11 CST 2019.
    -->
    select 
    <include refid="Base_Column_List" />
    from stock_log
    where stock_log_id = #{stockLogId,jdbcType=VARCHAR}
  </select>
  <delete id="deleteByPrimaryKey" parameterType="java.lang.String">
    <!--
      WARNING - @mbg.generated
      This element is automatically generated by MyBatis Generator, do not modify.
      This element was generated on Mon Feb 25 23:42:11 CST 2019.
    -->
    delete from stock_log
    where stock_log_id = #{stockLogId,jdbcType=VARCHAR}
  </delete>
  <insert id="insert" parameterType="com.imooc.miaoshaproject.dataobject.StockLogDO">
    <!--
      WARNING - @mbg.generated
      This element is automatically generated by MyBatis Generator, do not modify.
      This element was generated on Mon Feb 25 23:42:11 CST 2019.
    -->
    insert into stock_log (stock_log_id, item_id, amount, 
      status)
    values (#{stockLogId,jdbcType=VARCHAR}, #{itemId,jdbcType=INTEGER}, #{amount,jdbcType=INTEGER}, 
      #{status,jdbcType=INTEGER})
  </insert>
  <insert id="insertSelective" parameterType="com.imooc.miaoshaproject.dataobject.StockLogDO">
    <!--
      WARNING - @mbg.generated
      This element is automatically generated by MyBatis Generator, do not modify.
      This element was generated on Mon Feb 25 23:42:11 CST 2019.
    -->
    insert into stock_log
    <trim prefix="(" suffix=")" suffixOverrides=",">
      <if test="stockLogId != null">
        stock_log_id,
      </if>
      <if test="itemId != null">
        item_id,
      </if>
      <if test="amount != null">
        amount,
      </if>
      <if test="status != null">
        status,
      </if>
    </trim>
    <trim prefix="values (" suffix=")" suffixOverrides=",">
      <if test="stockLogId != null">
        #{stockLogId,jdbcType=VARCHAR},
      </if>
      <if test="itemId != null">
        #{itemId,jdbcType=INTEGER},
      </if>
      <if test="amount != null">
        #{amount,jdbcType=INTEGER},
      </if>
      <if test="status != null">
        #{status,jdbcType=INTEGER},
      </if>
    </trim>
  </insert>
  <update id="updateByPrimaryKeySelective" parameterType="com.imooc.miaoshaproject.dataobject.StockLogDO">
    <!--
      WARNING - @mbg.generated
      This element is automatically generated by MyBatis Generator, do not modify.
      This element was generated on Mon Feb 25 23:42:11 CST 2019.
    -->
    update stock_log
    <set>
      <if test="itemId != null">
        item_id = #{itemId,jdbcType=INTEGER},
      </if>
      <if test="amount != null">
        amount = #{amount,jdbcType=INTEGER},
      </if>
      <if test="status != null">
        status = #{status,jdbcType=INTEGER},
      </if>
    </set>
    where stock_log_id = #{stockLogId,jdbcType=VARCHAR}
  </update>
  <update id="updateByPrimaryKey" parameterType="com.imooc.miaoshaproject.dataobject.StockLogDO">
    <!--
      WARNING - @mbg.generated
      This element is automatically generated by MyBatis Generator, do not modify.
      This element was generated on Mon Feb 25 23:42:11 CST 2019.
    -->
    update stock_log
    set item_id = #{itemId,jdbcType=INTEGER},
      amount = #{amount,jdbcType=INTEGER},
      status = #{status,jdbcType=INTEGER}
    where stock_log_id = #{stockLogId,jdbcType=VARCHAR}
  </update>
</mapper>